text,label
This invoice is issued for consulting services,Invoice
This agreement is binding under the laws of the state,Contract
This invoice is issued for consulting services,Invoice
The agreement outlines the terms of service between Company A and B,Contract
This is a payment invoice for your order #1234,Invoice
Payment invoice for services provided in September,Invoice
Please find the invoice attached for your review,Invoice
This contract is made between the parties on 2023-09-15,Contract
Please find the invoice attached for your review,Invoice
Invoice for the delivery of products on 2023-09-30,Invoice
Please review the contract attached for the partnership agreement,Contract
This agreement is binding under the laws of the state,Contract
This contract establishes the terms of the business relationship,Contract
Please find the invoice attached for your review,Invoice
"Contract signed on the 10th of October, 2023",Contract
This invoice covers the period of September 2023,Invoice
Please review the contract attached for the partnership agreement,Contract
Please review the contract attached for the partnership agreement,Contract
This is a payment invoice for your order #1234,Invoice
Invoice number 5678 due by 2023-11-01,Invoice
This contract is made between the parties on 2023-09-15,Contract
The agreement outlines the terms of service between Company A and B,Contract
This agreement is binding under the laws of the state,Contract
Payment invoice for services provided in September,Invoice
This is a payment invoice for your order #1234,Invoice
This contract is made between the parties on 2023-09-15,Contract
This invoice covers the period of September 2023,Invoice
This contract is valid until 2024-01-01,Contract
The agreement outlines the terms of service between Company A and B,Contract
This contract is valid until 2024-01-01,Contract
This contract establishes the terms of the business relationship,Contract
"Contract signed on the 10th of October, 2023",Contract
This agreement is binding under the laws of the state,Contract
Please review the contract attached for the partnership agreement,Contract
Payment invoice for services provided in September,Invoice
This invoice covers the period of September 2023,Invoice
Invoice number 5678 due by 2023-11-01,Invoice
Your invoice for October services is attached,Invoice
Please review the contract attached for the partnership agreement,Contract
This is a payment invoice for your order #1234,Invoice
Attached is the invoice for your recent purchase,Invoice
This contract is made between the parties on 2023-09-15,Contract
This agreement is binding under the laws of the state,Contract
The terms of this contract are confidential,Contract
"Contract signed on the 10th of October, 2023",Contract
"Contract signed on the 10th of October, 2023",Contract
This agreement is binding under the laws of the state,Contract
Contract number 8765 for consulting services,Contract
Payment invoice for services provided in September,Invoice
This contract is made between the parties on 2023-09-15,Contract
The agreement outlines the terms of service between Company A and B,Contract
Please find the invoice attached for your review,Invoice
This contract is made between the parties on 2023-09-15,Contract
This invoice covers the period of September 2023,Invoice
Your invoice for October services is attached,Invoice
Invoice number 5678 due by 2023-11-01,Invoice
Invoice for services rendered on 2023-10-01,Invoice
This contract is valid until 2024-01-01,Contract
This contract includes a non-disclosure agreement,Contract
This is a payment invoice for your order #1234,Invoice
The terms of this contract are confidential,Contract
Please review the contract attached for the partnership agreement,Contract
Please review the contract attached for the partnership agreement,Contract
This is a payment invoice for your order #1234,Invoice
This contract includes a non-disclosure agreement,Contract
This contract establishes the terms of the business relationship,Contract
"Contract signed on the 10th of October, 2023",Contract
Invoice for the delivery of products on 2023-09-30,Invoice
This contract establishes the terms of the business relationship,Contract
Attached is the invoice for your recent purchase,Invoice
Invoice number 5678 due by 2023-11-01,Invoice
Contract number 8765 for consulting services,Contract
Your invoice for October services is attached,Invoice
This contract includes a non-disclosure agreement,Contract
Payment invoice for services provided in September,Invoice
Attached is the invoice for your recent purchase,Invoice
This invoice is issued for consulting services,Invoice
This contract establishes the terms of the business relationship,Contract
Attached is the invoice for your recent purchase,Invoice
This invoice covers the period of September 2023,Invoice
This contract is valid until 2024-01-01,Contract
Your invoice for October services is attached,Invoice
Your invoice for October services is attached,Invoice
Please find the invoice attached for your review,Invoice
This contract includes a non-disclosure agreement,Contract
Contract number 8765 for consulting services,Contract
"Contract signed on the 10th of October, 2023",Contract
Please find the invoice attached for your review,Invoice
Please find the invoice attached for your review,Invoice
Invoice for services rendered on 2023-10-01,Invoice
This is a payment invoice for your order #1234,Invoice
Contract number 8765 for consulting services,Contract
Payment invoice for services provided in September,Invoice
This contract includes a non-disclosure agreement,Contract
Invoice number 5678 due by 2023-11-01,Invoice
Invoice for the delivery of products on 2023-09-30,Invoice
Attached is the invoice for your recent purchase,Invoice
The agreement outlines the terms of service between Company A and B,Contract
This invoice covers the period of September 2023,Invoice
Invoice number 5678 due by 2023-11-01,Invoice
